number,short_description,assignment_group,impact,urgency,sla_percentage,sla_paused
INC000001,Incidente de teste número 1,NOC Brasil,3,1,51,false
INC000002,Incidente de teste número 2,Finance IT,2,3,82,false
INC000003,Incidente de teste número 3,App Support,2,3,59,false
INC000004,Incidente de teste número 4,NOC Brasil,3,3,68,false
INC000005,Incidente de teste número 5,Service Desk,1,2,68,true
INC000006,Incidente de teste número 6,NOC Brasil,2,1,70,true
INC000007,Incidente de teste número 7,Web Team,2,3,71,false
INC000008,Incidente de teste número 8,Web Team,2,2,84,false
INC000009,Incidente de teste número 9,Web Team,2,1,71,false
INC000010,Incidente de teste número 10,NOC Brasil,1,2,77,false
INC000011,Incidente de teste número 11,Web Team,1,1,60,true
INC000012,Incidente de teste número 12,NOC Brasil,3,1,88,true
INC000013,Incidente de teste número 13,App Support,1,2,65,true
INC000014,Incidente de teste número 14,Web Team,2,2,39,false
INC000015,Incidente de teste número 15,Service Desk,2,2,91,false
INC000016,Incidente de teste número 16,Finance IT,2,1,75,false
INC000017,Incidente de teste número 17,App Support,1,1,44,true
INC000018,Incidente de teste número 18,App Support,2,2,58,false
INC000019,Incidente de teste número 19,Service Desk,1,1,37,true
INC000020,Incidente de teste número 20,Finance IT,3,1,90,true
INC000021,Incidente de teste número 21,Service Desk,3,3,91,false
INC000022,Incidente de teste número 22,App Support,3,2,44,true
INC000023,Incidente de teste número 23,NOC Brasil,1,2,75,true
INC000024,Incidente de teste número 24,Web Team,2,1,43,false
INC000025,Incidente de teste número 25,NOC Brasil,2,3,39,false
INC000026,Incidente de teste número 26,Finance IT,2,2,85,false
INC000027,Incidente de teste número 27,App Support,2,3,51,false
INC000028,Incidente de teste número 28,NOC Brasil,2,3,61,true
INC000029,Incidente de teste número 29,Service Desk,1,1,58,false
INC000030,Incidente de teste número 30,App Support,3,2,52,false
INC000031,Incidente de teste número 31,App Support,3,1,72,true
INC000032,Incidente de teste número 32,Finance IT,1,3,86,true
INC000033,Incidente de teste número 33,Web Team,1,2,66,true
INC000034,Incidente de teste número 34,Service Desk,2,3,57,false
INC000035,Incidente de teste número 35,Finance IT,3,1,30,true
INC000036,Incidente de teste número 36,NOC Brasil,1,3,62,false
INC000037,Incidente de teste número 37,NOC Brasil,2,1,43,true
INC000038,Incidente de teste número 38,App Support,2,3,54,false
INC000039,Incidente de teste número 39,Finance IT,3,1,62,false
INC000040,Incidente de teste número 40,App Support,2,2,92,false
INC000041,Incidente de teste número 41,NOC Brasil,3,1,84,true
INC000042,Incidente de teste número 42,Service Desk,1,2,36,false
INC000043,Incidente de teste número 43,Service Desk,3,3,51,false
INC000044,Incidente de teste número 44,Finance IT,2,2,68,true
INC000045,Incidente de teste número 45,Service Desk,2,3,76,true
INC000046,Incidente de teste número 46,App Support,3,3,81,true
INC000047,Incidente de teste número 47,Service Desk,3,3,81,true
INC000048,Incidente de teste número 48,App Support,3,1,64,true
INC000049,Incidente de teste número 49,NOC Brasil,2,2,62,true
INC000050,Incidente de teste número 50,NOC Brasil,1,2,72,false
INC000051,Incidente de teste número 51,Finance IT,2,3,85,false
INC000052,Incidente de teste número 52,Web Team,3,1,44,false
INC000053,Incidente de teste número 53,App Support,2,2,47,true
INC000054,Incidente de teste número 54,Service Desk,1,3,34,true
INC000055,Incidente de teste número 55,Web Team,2,1,95,false
INC000056,Incidente de teste número 56,Web Team,2,3,49,true
INC000057,Incidente de teste número 57,Finance IT,2,2,82,true
INC000058,Incidente de teste número 58,Web Team,2,1,38,true
INC000059,Incidente de teste número 59,Finance IT,2,3,42,false
INC000060,Incidente de teste número 60,NOC Brasil,1,2,90,true
INC000061,Incidente de teste número 61,App Support,3,2,93,true
INC000062,Incidente de teste número 62,Service Desk,3,1,33,true
INC000063,Incidente de teste número 63,Web Team,1,2,61,true
INC000064,Incidente de teste número 64,Web Team,2,2,35,true
INC000065,Incidente de teste número 65,Web Team,3,1,42,false
INC000066,Incidente de teste número 66,Web Team,3,2,76,true
INC000067,Incidente de teste número 67,App Support,1,2,37,false
INC000068,Incidente de teste número 68,NOC Brasil,1,1,39,false
INC000069,Incidente de teste número 69,Finance IT,1,3,78,false
INC000070,Incidente de teste número 70,Web Team,3,1,84,true
INC000071,Incidente de teste número 71,Finance IT,2,1,93,false
INC000072,Incidente de teste número 72,Finance IT,3,2,66,false
INC000073,Incidente de teste número 73,Web Team,2,2,43,false
INC000074,Incidente de teste número 74,Service Desk,3,2,72,false
INC000075,Incidente de teste número 75,App Support,1,3,77,true
INC000076,Incidente de teste número 76,NOC Brasil,2,2,32,false
INC000077,Incidente de teste número 77,NOC Brasil,1,1,44,false
INC000078,Incidente de teste número 78,Web Team,2,1,43,true
INC000079,Incidente de teste número 79,App Support,3,3,32,false
INC000080,Incidente de teste número 80,Web Team,2,3,77,true
INC000081,Incidente de teste número 81,Service Desk,1,1,52,true
INC000082,Incidente de teste número 82,App Support,2,3,37,true
INC000083,Incidente de teste número 83,App Support,2,2,32,false
INC000084,Incidente de teste número 84,Web Team,3,1,69,false
INC000085,Incidente de teste número 85,Finance IT,2,1,67,true
INC000086,Incidente de teste número 86,Finance IT,1,1,34,false
INC000087,Incidente de teste número 87,NOC Brasil,1,3,37,false
INC000088,Incidente de teste número 88,App Support,3,2,90,false
INC000089,Incidente de teste número 89,Web Team,2,2,88,true
INC000090,Incidente de teste número 90,Web Team,3,2,57,true
INC000091,Incidente de teste número 91,Web Team,2,1,90,false
INC000092,Incidente de teste número 92,Service Desk,1,2,67,false
INC000093,Incidente de teste número 93,Finance IT,2,3,58,false
INC000094,Incidente de teste número 94,Web Team,3,2,44,false
INC000095,Incidente de teste número 95,Service Desk,3,2,67,false
INC000096,Incidente de teste número 96,Finance IT,3,2,41,true
INC000097,Incidente de teste número 97,App Support,1,2,57,true
INC000098,Incidente de teste número 98,App Support,3,3,76,false
INC000099,Incidente de teste número 99,NOC Brasil,3,2,91,false
INC000100,Incidente de teste número 100,Service Desk,3,2,93,true
INC000101,Incidente de teste número 101,Finance IT,3,2,80,true
INC000102,Incidente de teste número 102,App Support,1,2,85,true
INC000103,Incidente de teste número 103,Service Desk,3,1,59,false
INC000104,Incidente de teste número 104,App Support,3,2,69,false
INC000105,Incidente de teste número 105,Web Team,2,3,65,false
INC000106,Incidente de teste número 106,Service Desk,3,3,31,false
INC000107,Incidente de teste número 107,Service Desk,1,3,54,true
INC000108,Incidente de teste número 108,NOC Brasil,1,3,46,false
INC000109,Incidente de teste número 109,Finance IT,2,2,62,true
INC000110,Incidente de teste número 110,App Support,3,1,47,true
INC000111,Incidente de teste número 111,Web Team,3,1,38,false
INC000112,Incidente de teste número 112,App Support,2,1,67,true
INC000113,Incidente de teste número 113,Finance IT,2,3,92,false
INC000114,Incidente de teste número 114,Finance IT,3,3,50,false
INC000115,Incidente de teste número 115,Service Desk,1,1,45,false
INC000116,Incidente de teste número 116,App Support,1,3,85,false
INC000117,Incidente de teste número 117,Finance IT,3,1,78,true
INC000118,Incidente de teste número 118,NOC Brasil,3,3,65,false
INC000119,Incidente de teste número 119,Service Desk,3,3,89,false
INC000120,Incidente de teste número 120,Finance IT,1,2,74,true
INC000121,Incidente de teste número 121,App Support,2,3,75,true
INC000122,Incidente de teste número 122,Service Desk,2,1,73,false
INC000123,Incidente de teste número 123,App Support,2,2,72,true
INC000124,Incidente de teste número 124,NOC Brasil,3,1,75,false
INC000125,Incidente de teste número 125,Web Team,2,1,89,true
INC000126,Incidente de teste número 126,Finance IT,1,3,82,true
INC000127,Incidente de teste número 127,Finance IT,2,2,94,true
INC000128,Incidente de teste número 128,App Support,3,1,51,true
INC000129,Incidente de teste número 129,Web Team,3,1,45,true
INC000130,Incidente de teste número 130,NOC Brasil,3,1,52,true
INC000131,Incidente de teste número 131,NOC Brasil,3,3,81,true
INC000132,Incidente de teste número 132,NOC Brasil,1,2,33,true
INC000133,Incidente de teste número 133,Web Team,3,1,69,false
INC000134,Incidente de teste número 134,App Support,3,3,31,false
INC000135,Incidente de teste número 135,Service Desk,1,2,85,false
INC000136,Incidente de teste número 136,App Support,2,1,66,false
INC000137,Incidente de teste número 137,Web Team,1,1,33,false
INC000138,Incidente de teste número 138,Service Desk,3,1,63,false
INC000139,Incidente de teste número 139,NOC Brasil,1,1,81,true
INC000140,Incidente de teste número 140,Service Desk,1,1,46,true
INC000141,Incidente de teste número 141,NOC Brasil,2,1,42,false
INC000142,Incidente de teste número 142,NOC Brasil,1,2,95,true
INC000143,Incidente de teste número 143,App Support,1,1,92,true
INC000144,Incidente de teste número 144,Web Team,3,3,67,false
INC000145,Incidente de teste número 145,Finance IT,3,3,79,false
INC000146,Incidente de teste número 146,NOC Brasil,2,2,70,true
INC000147,Incidente de teste número 147,NOC Brasil,3,2,59,true
INC000148,Incidente de teste número 148,Service Desk,1,1,84,true
INC000149,Incidente de teste número 149,Service Desk,1,1,82,false
INC000150,Incidente de teste número 150,NOC Brasil,1,1,91,false
INC000151,Incidente de teste número 151,Service Desk,2,3,53,false
INC000152,Incidente de teste número 152,Finance IT,3,1,40,false
INC000153,Incidente de teste número 153,Web Team,2,3,40,true
INC000154,Incidente de teste número 154,Service Desk,3,1,31,true
INC000155,Incidente de teste número 155,Finance IT,1,2,40,true
INC000156,Incidente de teste número 156,Service Desk,3,3,95,true
INC000157,Incidente de teste número 157,Service Desk,2,3,64,true
INC000158,Incidente de teste número 158,Finance IT,1,3,94,false
INC000159,Incidente de teste número 159,NOC Brasil,3,1,93,false
INC000160,Incidente de teste número 160,Finance IT,3,1,46,true
INC000161,Incidente de teste número 161,Web Team,1,2,33,false
INC000162,Incidente de teste número 162,Service Desk,2,2,92,false
INC000163,Incidente de teste número 163,Finance IT,1,2,73,false
INC000164,Incidente de teste número 164,NOC Brasil,2,3,65,true
INC000165,Incidente de teste número 165,Web Team,1,3,70,true
INC000166,Incidente de teste número 166,NOC Brasil,1,1,36,false
INC000167,Incidente de teste número 167,Service Desk,3,2,31,true
INC000168,Incidente de teste número 168,Finance IT,2,3,52,false
INC000169,Incidente de teste número 169,NOC Brasil,1,1,46,true
INC000170,Incidente de teste número 170,Web Team,1,2,62,true
INC000171,Incidente de teste número 171,Web Team,2,2,70,false
INC000172,Incidente de teste número 172,App Support,2,1,39,false
INC000173,Incidente de teste número 173,Service Desk,1,2,74,false
INC000174,Incidente de teste número 174,Web Team,1,3,80,false
INC000175,Incidente de teste número 175,Web Team,3,3,66,true
INC000176,Incidente de teste número 176,NOC Brasil,1,1,95,true
INC000177,Incidente de teste número 177,App Support,2,3,30,false
INC000178,Incidente de teste número 178,Finance IT,2,1,45,false
INC000179,Incidente de teste número 179,Web Team,3,1,34,false
INC000180,Incidente de teste número 180,Web Team,3,2,32,true
INC000181,Incidente de teste número 181,Service Desk,3,3,40,true
INC000182,Incidente de teste número 182,Web Team,3,2,72,false
INC000183,Incidente de teste número 183,NOC Brasil,2,3,93,false
INC000184,Incidente de teste número 184,Web Team,3,2,84,true
INC000185,Incidente de teste número 185,NOC Brasil,2,3,39,true
INC000186,Incidente de teste número 186,App Support,2,3,86,false
INC000187,Incidente de teste número 187,Web Team,1,3,40,false
INC000188,Incidente de teste número 188,App Support,3,2,45,true
INC000189,Incidente de teste número 189,Finance IT,2,1,63,false
INC000190,Incidente de teste número 190,Web Team,1,3,48,false
INC000191,Incidente de teste número 191,NOC Brasil,3,1,81,true
INC000192,Incidente de teste número 192,Finance IT,1,1,46,true
INC000193,Incidente de teste número 193,Web Team,1,3,62,false
INC000194,Incidente de teste número 194,App Support,3,3,70,false
INC000195,Incidente de teste número 195,Finance IT,1,3,60,true
INC000196,Incidente de teste número 196,Web Team,1,3,30,false
INC000197,Incidente de teste número 197,NOC Brasil,2,1,34,true
INC000198,Incidente de teste número 198,NOC Brasil,1,2,90,true
INC000199,Incidente de teste número 199,App Support,3,2,53,false
INC000200,Incidente de teste número 200,App Support,3,2,89,false
INC000201,Incidente de teste número 201,Service Desk,2,3,59,true
INC000202,Incidente de teste número 202,Finance IT,3,1,30,true
INC000203,Incidente de teste número 203,Finance IT,1,3,78,false
INC000204,Incidente de teste número 204,Web Team,3,1,79,true
INC000205,Incidente de teste número 205,App Support,2,1,86,true
INC000206,Incidente de teste número 206,App Support,1,3,87,true
INC000207,Incidente de teste número 207,NOC Brasil,3,1,58,false
INC000208,Incidente de teste número 208,Finance IT,3,2,73,false
INC000209,Incidente de teste número 209,Web Team,3,3,40,false
INC000210,Incidente de teste número 210,NOC Brasil,3,3,37,false
INC000211,Incidente de teste número 211,App Support,2,3,63,false
INC000212,Incidente de teste número 212,Service Desk,1,1,35,false
INC000213,Incidente de teste número 213,App Support,1,2,53,true
INC000214,Incidente de teste número 214,Finance IT,3,2,63,true
INC000215,Incidente de teste número 215,Web Team,1,3,81,true
INC000216,Incidente de teste número 216,NOC Brasil,2,1,44,true
INC000217,Incidente de teste número 217,Service Desk,1,1,47,true
INC000218,Incidente de teste número 218,App Support,2,3,69,false
INC000219,Incidente de teste número 219,App Support,3,1,59,true
INC000220,Incidente de teste número 220,Web Team,1,3,58,true
INC000221,Incidente de teste número 221,NOC Brasil,2,2,85,false
INC000222,Incidente de teste número 222,Web Team,3,3,71,false
INC000223,Incidente de teste número 223,App Support,2,1,87,true
INC000224,Incidente de teste número 224,App Support,1,1,32,false
INC000225,Incidente de teste número 225,NOC Brasil,3,3,77,false
INC000226,Incidente de teste número 226,App Support,3,1,95,true
INC000227,Incidente de teste número 227,Finance IT,1,3,58,true
INC000228,Incidente de teste número 228,NOC Brasil,3,1,79,true
INC000229,Incidente de teste número 229,NOC Brasil,3,3,90,true
INC000230,Incidente de teste número 230,Service Desk,3,3,35,true
INC000231,Incidente de teste número 231,Finance IT,1,2,56,true
INC000232,Incidente de teste número 232,Web Team,3,3,76,true
INC000233,Incidente de teste número 233,Service Desk,2,1,86,false
INC000234,Incidente de teste número 234,Finance IT,2,1,52,false
INC000235,Incidente de teste número 235,Service Desk,3,2,48,false
INC000236,Incidente de teste número 236,Service Desk,1,3,33,true
INC000237,Incidente de teste número 237,Finance IT,2,1,92,true
INC000238,Incidente de teste número 238,App Support,2,3,70,true
INC000239,Incidente de teste número 239,Finance IT,2,3,57,true
INC000240,Incidente de teste número 240,NOC Brasil,3,3,51,true
INC000241,Incidente de teste número 241,Finance IT,1,3,47,false
INC000242,Incidente de teste número 242,Finance IT,2,3,43,true
INC000243,Incidente de teste número 243,App Support,3,2,58,false
INC000244,Incidente de teste número 244,App Support,2,1,55,true
INC000245,Incidente de teste número 245,NOC Brasil,3,2,32,true
INC000246,Incidente de teste número 246,Web Team,3,1,55,true
INC000247,Incidente de teste número 247,NOC Brasil,3,3,59,false
INC000248,Incidente de teste número 248,NOC Brasil,1,1,82,true
INC000249,Incidente de teste número 249,NOC Brasil,2,3,74,true
INC000250,Incidente de teste número 250,Service Desk,3,3,71,true
INC000251,Incidente de teste número 251,NOC Brasil,2,2,70,false
INC000252,Incidente de teste número 252,Web Team,3,3,61,true
INC000253,Incidente de teste número 253,Finance IT,3,3,63,false
INC000254,Incidente de teste número 254,Finance IT,3,2,87,true
INC000255,Incidente de teste número 255,NOC Brasil,2,2,30,true
INC000256,Incidente de teste número 256,App Support,1,1,32,true
INC000257,Incidente de teste número 257,App Support,3,2,94,false
INC000258,Incidente de teste número 258,NOC Brasil,2,2,62,true
INC000259,Incidente de teste número 259,NOC Brasil,3,1,85,false
INC000260,Incidente de teste número 260,Service Desk,1,3,74,false
INC000261,Incidente de teste número 261,App Support,3,3,78,false
INC000262,Incidente de teste número 262,NOC Brasil,2,3,46,false
INC000263,Incidente de teste número 263,Service Desk,2,2,75,true
INC000264,Incidente de teste número 264,App Support,1,3,70,true
INC000265,Incidente de teste número 265,Finance IT,2,2,48,true
INC000266,Incidente de teste número 266,NOC Brasil,2,1,62,true
INC000267,Incidente de teste número 267,NOC Brasil,2,1,58,false
INC000268,Incidente de teste número 268,Finance IT,2,1,82,true
INC000269,Incidente de teste número 269,App Support,2,3,46,false
INC000270,Incidente de teste número 270,Finance IT,2,2,73,true
INC000271,Incidente de teste número 271,Web Team,1,3,32,true
INC000272,Incidente de teste número 272,NOC Brasil,2,3,93,true
INC000273,Incidente de teste número 273,Service Desk,2,1,95,true
INC000274,Incidente de teste número 274,Service Desk,3,1,63,false
INC000275,Incidente de teste número 275,Finance IT,2,3,92,true
INC000276,Incidente de teste número 276,Service Desk,3,3,69,true
INC000277,Incidente de teste número 277,App Support,1,1,89,false
INC000278,Incidente de teste número 278,Web Team,1,2,34,false
INC000279,Incidente de teste número 279,NOC Brasil,1,2,46,false
INC000280,Incidente de teste número 280,Web Team,2,1,60,false
INC000281,Incidente de teste número 281,Finance IT,1,2,31,true
INC000282,Incidente de teste número 282,App Support,2,2,89,false
INC000283,Incidente de teste número 283,Web Team,2,1,59,true
INC000284,Incidente de teste número 284,Service Desk,3,2,95,false
INC000285,Incidente de teste número 285,App Support,3,2,83,true
INC000286,Incidente de teste número 286,NOC Brasil,1,3,58,true
INC000287,Incidente de teste número 287,App Support,1,2,63,true
INC000288,Incidente de teste número 288,Service Desk,2,2,93,true
INC000289,Incidente de teste número 289,Finance IT,1,2,38,false
INC000290,Incidente de teste número 290,Web Team,3,3,55,true
INC000291,Incidente de teste número 291,Service Desk,2,3,62,true
INC000292,Incidente de teste número 292,NOC Brasil,3,2,78,true
INC000293,Incidente de teste número 293,Web Team,3,1,60,false
INC000294,Incidente de teste número 294,Service Desk,3,1,45,true
INC000295,Incidente de teste número 295,Service Desk,3,3,35,true
INC000296,Incidente de teste número 296,Service Desk,1,2,31,true
INC000297,Incidente de teste número 297,Service Desk,2,3,79,false
INC000298,Incidente de teste número 298,NOC Brasil,1,3,74,true
INC000299,Incidente de teste número 299,Finance IT,2,3,91,false
INC000300,Incidente de teste número 300,Finance IT,1,3,34,true
INC000301,Incidente de teste número 301,App Support,3,2,43,true
INC000302,Incidente de teste número 302,Finance IT,3,2,40,true
INC000303,Incidente de teste número 303,Finance IT,2,3,78,true
INC000304,Incidente de teste número 304,NOC Brasil,3,1,77,false
INC000305,Incidente de teste número 305,App Support,3,3,41,true
INC000306,Incidente de teste número 306,Web Team,1,1,79,true
INC000307,Incidente de teste número 307,Web Team,1,3,65,false
INC000308,Incidente de teste número 308,Service Desk,1,3,39,false
INC000309,Incidente de teste número 309,NOC Brasil,3,3,94,true
INC000310,Incidente de teste número 310,Service Desk,1,3,39,false
INC000311,Incidente de teste número 311,NOC Brasil,2,3,82,false
INC000312,Incidente de teste número 312,Finance IT,2,3,40,false
INC000313,Incidente de teste número 313,Service Desk,3,3,89,true
INC000314,Incidente de teste número 314,NOC Brasil,3,2,67,false
INC000315,Incidente de teste número 315,Service Desk,1,3,80,true
INC000316,Incidente de teste número 316,Finance IT,1,3,61,false
INC000317,Incidente de teste número 317,Service Desk,1,2,94,true
INC000318,Incidente de teste número 318,Finance IT,2,1,44,true
INC000319,Incidente de teste número 319,Web Team,2,1,66,false
INC000320,Incidente de teste número 320,Service Desk,1,2,40,false
INC000321,Incidente de teste número 321,NOC Brasil,3,2,64,false
INC000322,Incidente de teste número 322,Service Desk,3,3,73,false
INC000323,Incidente de teste número 323,App Support,1,3,56,true
INC000324,Incidente de teste número 324,NOC Brasil,2,1,43,false
INC000325,Incidente de teste número 325,NOC Brasil,3,2,85,true
INC000326,Incidente de teste número 326,Web Team,3,1,90,false
INC000327,Incidente de teste número 327,Finance IT,2,2,89,true
INC000328,Incidente de teste número 328,Finance IT,2,2,40,false
INC000329,Incidente de teste número 329,Finance IT,2,1,30,true
INC000330,Incidente de teste número 330,NOC Brasil,1,1,30,false
INC000331,Incidente de teste número 331,App Support,1,2,62,true
INC000332,Incidente de teste número 332,App Support,1,1,69,false
INC000333,Incidente de teste número 333,App Support,1,2,37,true
INC000334,Incidente de teste número 334,Service Desk,3,1,89,true
INC000335,Incidente de teste número 335,NOC Brasil,1,1,84,true
INC000336,Incidente de teste número 336,Service Desk,3,1,63,false
INC000337,Incidente de teste número 337,App Support,2,1,84,false
INC000338,Incidente de teste número 338,Service Desk,2,1,93,true
INC000339,Incidente de teste número 339,Web Team,2,3,89,true
INC000340,Incidente de teste número 340,Web Team,1,1,68,true
INC000341,Incidente de teste número 341,App Support,2,3,47,false
INC000342,Incidente de teste número 342,Service Desk,2,1,95,true
INC000343,Incidente de teste número 343,NOC Brasil,2,3,88,true
INC000344,Incidente de teste número 344,NOC Brasil,3,2,32,true
INC000345,Incidente de teste número 345,App Support,2,3,92,false
INC000346,Incidente de teste número 346,Finance IT,3,2,53,true
INC000347,Incidente de teste número 347,Service Desk,1,2,95,true
INC000348,Incidente de teste número 348,Service Desk,3,2,33,true
INC000349,Incidente de teste número 349,Finance IT,3,1,36,true
INC000350,Incidente de teste número 350,Service Desk,1,3,78,false
INC000351,Incidente de teste número 351,Web Team,3,2,34,false
INC000352,Incidente de teste número 352,Service Desk,2,1,72,false
INC000353,Incidente de teste número 353,Service Desk,2,3,79,false
INC000354,Incidente de teste número 354,Finance IT,1,3,61,true
INC000355,Incidente de teste número 355,Finance IT,3,1,87,false
INC000356,Incidente de teste número 356,Web Team,1,3,69,true
INC000357,Incidente de teste número 357,Web Team,3,3,49,false
INC000358,Incidente de teste número 358,Finance IT,3,1,80,true
INC000359,Incidente de teste número 359,Web Team,1,2,60,true
INC000360,Incidente de teste número 360,Finance IT,2,1,50,false
INC000361,Incidente de teste número 361,Finance IT,2,2,62,true
INC000362,Incidente de teste número 362,Service Desk,1,3,53,false
INC000363,Incidente de teste número 363,Web Team,1,2,85,true
INC000364,Incidente de teste número 364,NOC Brasil,3,1,58,true
INC000365,Incidente de teste número 365,Finance IT,3,2,50,true
INC000366,Incidente de teste número 366,App Support,3,3,75,true
INC000367,Incidente de teste número 367,NOC Brasil,1,1,81,false
INC000368,Incidente de teste número 368,App Support,2,2,51,false
INC000369,Incidente de teste número 369,Web Team,3,2,71,true
INC000370,Incidente de teste número 370,Service Desk,1,3,86,true
INC000371,Incidente de teste número 371,Service Desk,1,1,54,true
INC000372,Incidente de teste número 372,Finance IT,1,3,57,false
INC000373,Incidente de teste número 373,App Support,3,2,92,false
INC000374,Incidente de teste número 374,Finance IT,3,2,55,true
INC000375,Incidente de teste número 375,NOC Brasil,1,1,59,true
INC000376,Incidente de teste número 376,NOC Brasil,3,2,62,false
INC000377,Incidente de teste número 377,NOC Brasil,3,3,51,true
INC000378,Incidente de teste número 378,Web Team,1,2,79,false
INC000379,Incidente de teste número 379,App Support,3,2,80,false
INC000380,Incidente de teste número 380,Web Team,2,2,42,false
INC000381,Incidente de teste número 381,Web Team,3,3,47,false
INC000382,Incidente de teste número 382,Finance IT,3,1,89,true
INC000383,Incidente de teste número 383,App Support,1,2,38,false
INC000384,Incidente de teste número 384,Web Team,1,1,35,true
INC000385,Incidente de teste número 385,Service Desk,2,2,60,false
INC000386,Incidente de teste número 386,Web Team,3,1,82,false
INC000387,Incidente de teste número 387,Service Desk,1,3,51,false
INC000388,Incidente de teste número 388,Web Team,2,1,54,true
INC000389,Incidente de teste número 389,Service Desk,1,1,69,true
INC000390,Incidente de teste número 390,Service Desk,2,2,60,true
INC000391,Incidente de teste número 391,Finance IT,3,2,33,false
INC000392,Incidente de teste número 392,Service Desk,2,1,93,true
INC000393,Incidente de teste número 393,App Support,3,3,49,true
INC000394,Incidente de teste número 394,NOC Brasil,3,2,92,false
INC000395,Incidente de teste número 395,Finance IT,2,3,52,true
INC000396,Incidente de teste número 396,NOC Brasil,1,3,43,false
INC000397,Incidente de teste número 397,NOC Brasil,2,2,43,true
INC000398,Incidente de teste número 398,Service Desk,3,1,70,false
INC000399,Incidente de teste número 399,Finance IT,2,3,66,false
INC000400,Incidente de teste número 400,Web Team,2,1,74,true
INC000401,Incidente de teste número 401,Web Team,1,2,42,true
INC000402,Incidente de teste número 402,NOC Brasil,3,2,54,false
INC000403,Incidente de teste número 403,NOC Brasil,2,1,83,false
INC000404,Incidente de teste número 404,Service Desk,3,2,91,true
INC000405,Incidente de teste número 405,Service Desk,3,3,38,true
INC000406,Incidente de teste número 406,Web Team,2,3,77,true
INC000407,Incidente de teste número 407,Web Team,3,1,59,true
INC000408,Incidente de teste número 408,NOC Brasil,1,1,35,false
INC000409,Incidente de teste número 409,Service Desk,1,1,63,false
INC000410,Incidente de teste número 410,Web Team,2,2,83,true
INC000411,Incidente de teste número 411,App Support,1,3,50,false
INC000412,Incidente de teste número 412,Finance IT,2,2,69,false
INC000413,Incidente de teste número 413,Web Team,2,1,46,true
INC000414,Incidente de teste número 414,Web Team,3,1,56,true
INC000415,Incidente de teste número 415,Service Desk,3,2,66,false
INC000416,Incidente de teste número 416,Finance IT,1,1,88,false
INC000417,Incidente de teste número 417,App Support,1,3,51,true
INC000418,Incidente de teste número 418,App Support,1,2,59,false
INC000419,Incidente de teste número 419,Service Desk,3,3,95,false
INC000420,Incidente de teste número 420,Service Desk,1,1,92,true
INC000421,Incidente de teste número 421,App Support,3,2,47,false
INC000422,Incidente de teste número 422,NOC Brasil,3,2,75,true
INC000423,Incidente de teste número 423,Service Desk,3,1,61,true
INC000424,Incidente de teste número 424,App Support,1,2,69,false
INC000425,Incidente de teste número 425,Finance IT,3,1,69,true
INC000426,Incidente de teste número 426,NOC Brasil,1,1,89,false
INC000427,Incidente de teste número 427,NOC Brasil,3,1,70,false
INC000428,Incidente de teste número 428,App Support,1,3,49,true
INC000429,Incidente de teste número 429,Finance IT,3,2,78,false
INC000430,Incidente de teste número 430,Finance IT,1,3,76,true
INC000431,Incidente de teste número 431,Web Team,3,1,64,true
INC000432,Incidente de teste número 432,App Support,3,1,61,false
INC000433,Incidente de teste número 433,Web Team,3,1,86,true
INC000434,Incidente de teste número 434,NOC Brasil,2,3,41,true
INC000435,Incidente de teste número 435,App Support,2,1,63,true
INC000436,Incidente de teste número 436,App Support,3,1,89,true
INC000437,Incidente de teste número 437,App Support,3,2,84,false
INC000438,Incidente de teste número 438,App Support,2,2,92,false
INC000439,Incidente de teste número 439,Web Team,2,1,71,false
INC000440,Incidente de teste número 440,NOC Brasil,2,1,32,false
INC000441,Incidente de teste número 441,App Support,3,2,56,true
INC000442,Incidente de teste número 442,Service Desk,3,2,71,true
INC000443,Incidente de teste número 443,App Support,2,1,50,false
INC000444,Incidente de teste número 444,Finance IT,2,2,92,false
INC000445,Incidente de teste número 445,Finance IT,3,3,79,true
INC000446,Incidente de teste número 446,Service Desk,3,1,69,true
INC000447,Incidente de teste número 447,NOC Brasil,2,2,55,true
INC000448,Incidente de teste número 448,NOC Brasil,3,1,82,true
INC000449,Incidente de teste número 449,Web Team,3,3,53,true
INC000450,Incidente de teste número 450,App Support,3,2,73,false
INC000451,Incidente de teste número 451,Service Desk,2,1,34,false
INC000452,Incidente de teste número 452,Service Desk,3,3,92,true
INC000453,Incidente de teste número 453,Web Team,3,3,92,true
INC000454,Incidente de teste número 454,App Support,1,3,69,false
INC000455,Incidente de teste número 455,Web Team,3,3,77,false
INC000456,Incidente de teste número 456,Finance IT,3,3,93,false
INC000457,Incidente de teste número 457,Finance IT,1,3,57,true
INC000458,Incidente de teste número 458,App Support,1,3,61,true
INC000459,Incidente de teste número 459,App Support,2,2,46,true
INC000460,Incidente de teste número 460,NOC Brasil,3,3,41,true
INC000461,Incidente de teste número 461,NOC Brasil,1,3,57,false
INC000462,Incidente de teste número 462,Service Desk,3,3,64,false
INC000463,Incidente de teste número 463,App Support,2,1,81,false
INC000464,Incidente de teste número 464,App Support,2,1,33,true
INC000465,Incidente de teste número 465,Service Desk,3,2,40,false
INC000466,Incidente de teste número 466,App Support,1,2,93,false
INC000467,Incidente de teste número 467,App Support,3,2,84,true
INC000468,Incidente de teste número 468,Service Desk,1,3,41,true
INC000469,Incidente de teste número 469,Service Desk,3,2,80,true
INC000470,Incidente de teste número 470,Web Team,1,2,68,false
INC000471,Incidente de teste número 471,NOC Brasil,3,3,42,false
INC000472,Incidente de teste número 472,NOC Brasil,2,3,84,true
INC000473,Incidente de teste número 473,NOC Brasil,2,1,84,false
INC000474,Incidente de teste número 474,Service Desk,3,3,77,true
INC000475,Incidente de teste número 475,App Support,2,1,42,true
INC000476,Incidente de teste número 476,App Support,3,3,85,true
INC000477,Incidente de teste número 477,App Support,3,1,83,false
INC000478,Incidente de teste número 478,Finance IT,3,3,37,false
INC000479,Incidente de teste número 479,NOC Brasil,3,1,58,true
INC000480,Incidente de teste número 480,Finance IT,2,3,87,false
INC000481,Incidente de teste número 481,Web Team,3,1,50,true
INC000482,Incidente de teste número 482,Web Team,2,2,50,false
INC000483,Incidente de teste número 483,NOC Brasil,3,2,53,true
INC000484,Incidente de teste número 484,NOC Brasil,1,1,65,true
INC000485,Incidente de teste número 485,Finance IT,1,2,69,true
INC000486,Incidente de teste número 486,Service Desk,3,1,75,true
INC000487,Incidente de teste número 487,Finance IT,3,1,66,true
INC000488,Incidente de teste número 488,Service Desk,1,2,65,true
INC000489,Incidente de teste número 489,Service Desk,2,2,76,true
INC000490,Incidente de teste número 490,App Support,1,1,75,true
INC000491,Incidente de teste número 491,Finance IT,2,3,40,true
INC000492,Incidente de teste número 492,Web Team,2,3,72,true
INC000493,Incidente de teste número 493,Finance IT,3,1,83,true
INC000494,Incidente de teste número 494,NOC Brasil,1,3,37,false
INC000495,Incidente de teste número 495,Finance IT,3,1,61,false
INC000496,Incidente de teste número 496,Service Desk,1,3,73,true
INC000497,Incidente de teste número 497,App Support,2,1,81,true
INC000498,Incidente de teste número 498,NOC Brasil,2,2,88,true
INC000499,Incidente de teste número 499,Service Desk,2,1,80,false
INC000500,Incidente de teste número 500,Web Team,2,1,49,false
INC000501,Incidente de teste número 501,Service Desk,2,1,94,true
INC000502,Incidente de teste número 502,Finance IT,2,2,63,true
INC000503,Incidente de teste número 503,Finance IT,3,1,55,false
INC000504,Incidente de teste número 504,Service Desk,2,1,75,true
INC000505,Incidente de teste número 505,NOC Brasil,2,3,41,false
INC000506,Incidente de teste número 506,Finance IT,1,1,73,false
INC000507,Incidente de teste número 507,Web Team,2,3,32,false
INC000508,Incidente de teste número 508,Finance IT,2,1,76,false
INC000509,Incidente de teste número 509,Finance IT,2,1,77,true
INC000510,Incidente de teste número 510,Web Team,1,2,88,false
INC000511,Incidente de teste número 511,Service Desk,2,3,31,false
INC000512,Incidente de teste número 512,Web Team,3,3,44,true
INC000513,Incidente de teste número 513,NOC Brasil,3,2,93,false
INC000514,Incidente de teste número 514,Finance IT,1,2,36,true
INC000515,Incidente de teste número 515,Service Desk,3,2,52,true
INC000516,Incidente de teste número 516,Finance IT,1,3,67,true
INC000517,Incidente de teste número 517,Finance IT,3,2,74,false
INC000518,Incidente de teste número 518,Web Team,2,1,79,false
INC000519,Incidente de teste número 519,App Support,3,2,86,false
INC000520,Incidente de teste número 520,Finance IT,2,2,66,false
INC000521,Incidente de teste número 521,Finance IT,2,2,42,false
INC000522,Incidente de teste número 522,Service Desk,3,2,68,true
INC000523,Incidente de teste número 523,Finance IT,3,3,90,true
INC000524,Incidente de teste número 524,Service Desk,3,1,73,false
INC000525,Incidente de teste número 525,NOC Brasil,1,3,57,true
INC000526,Incidente de teste número 526,Service Desk,1,3,57,false
INC000527,Incidente de teste número 527,Finance IT,3,1,67,true
INC000528,Incidente de teste número 528,App Support,1,3,48,false
INC000529,Incidente de teste número 529,Finance IT,1,2,87,true
INC000530,Incidente de teste número 530,NOC Brasil,2,1,57,false
INC000531,Incidente de teste número 531,NOC Brasil,2,1,60,true
INC000532,Incidente de teste número 532,App Support,2,3,67,true
INC000533,Incidente de teste número 533,Service Desk,2,2,39,false
INC000534,Incidente de teste número 534,NOC Brasil,2,2,62,false
INC000535,Incidente de teste número 535,Web Team,2,1,38,true
INC000536,Incidente de teste número 536,Finance IT,1,2,73,false
INC000537,Incidente de teste número 537,NOC Brasil,1,2,68,false
INC000538,Incidente de teste número 538,Web Team,3,2,52,true
INC000539,Incidente de teste número 539,Service Desk,2,2,48,true
INC000540,Incidente de teste número 540,Finance IT,3,3,95,false
INC000541,Incidente de teste número 541,NOC Brasil,1,3,75,false
INC000542,Incidente de teste número 542,NOC Brasil,1,2,85,false
INC000543,Incidente de teste número 543,NOC Brasil,1,2,36,true
INC000544,Incidente de teste número 544,App Support,2,1,69,true
INC000545,Incidente de teste número 545,Service Desk,1,2,60,false
INC000546,Incidente de teste número 546,Service Desk,2,2,62,false
INC000547,Incidente de teste número 547,Service Desk,3,3,62,true
INC000548,Incidente de teste número 548,Web Team,2,2,58,false
INC000549,Incidente de teste número 549,NOC Brasil,1,3,60,true
INC000550,Incidente de teste número 550,NOC Brasil,2,1,51,false
INC000551,Incidente de teste número 551,Web Team,1,3,59,true
INC000552,Incidente de teste número 552,NOC Brasil,3,3,84,true
INC000553,Incidente de teste número 553,App Support,1,1,85,true
INC000554,Incidente de teste número 554,Finance IT,2,1,78,false
INC000555,Incidente de teste número 555,Web Team,1,3,70,true
INC000556,Incidente de teste número 556,NOC Brasil,3,3,44,false
INC000557,Incidente de teste número 557,App Support,1,2,41,false
INC000558,Incidente de teste número 558,Finance IT,3,3,77,false
INC000559,Incidente de teste número 559,Service Desk,2,2,33,false
INC000560,Incidente de teste número 560,Service Desk,1,1,95,false
INC000561,Incidente de teste número 561,App Support,1,1,34,false
INC000562,Incidente de teste número 562,Finance IT,1,3,39,false
INC000563,Incidente de teste número 563,Finance IT,2,2,50,true
INC000564,Incidente de teste número 564,Finance IT,3,1,53,true
INC000565,Incidente de teste número 565,App Support,3,3,79,true
INC000566,Incidente de teste número 566,NOC Brasil,3,2,61,false
INC000567,Incidente de teste número 567,Finance IT,1,3,65,false
INC000568,Incidente de teste número 568,Service Desk,3,3,63,false
INC000569,Incidente de teste número 569,Finance IT,3,2,51,true
INC000570,Incidente de teste número 570,Finance IT,2,3,90,false
INC000571,Incidente de teste número 571,NOC Brasil,1,3,71,false
INC000572,Incidente de teste número 572,NOC Brasil,1,1,40,true
INC000573,Incidente de teste número 573,NOC Brasil,3,1,50,true
INC000574,Incidente de teste número 574,NOC Brasil,2,3,67,true
INC000575,Incidente de teste número 575,Service Desk,1,1,64,true
INC000576,Incidente de teste número 576,NOC Brasil,1,2,42,false
INC000577,Incidente de teste número 577,Service Desk,1,1,54,true
INC000578,Incidente de teste número 578,App Support,2,3,82,true
INC000579,Incidente de teste número 579,Service Desk,1,2,41,true
INC000580,Incidente de teste número 580,Service Desk,1,2,48,false
INC000581,Incidente de teste número 581,Service Desk,3,1,61,true
INC000582,Incidente de teste número 582,Service Desk,3,2,80,true
INC000583,Incidente de teste número 583,NOC Brasil,1,2,50,false
INC000584,Incidente de teste número 584,NOC Brasil,2,2,34,false
INC000585,Incidente de teste número 585,App Support,3,3,37,false
INC000586,Incidente de teste número 586,Finance IT,1,1,79,true
INC000587,Incidente de teste número 587,Service Desk,3,3,82,true
INC000588,Incidente de teste número 588,Finance IT,3,3,67,false
INC000589,Incidente de teste número 589,Service Desk,3,1,32,false
INC000590,Incidente de teste número 590,App Support,3,1,37,false
INC000591,Incidente de teste número 591,Finance IT,3,2,89,true
INC000592,Incidente de teste número 592,Service Desk,1,3,58,true
INC000593,Incidente de teste número 593,Web Team,1,3,52,false
INC000594,Incidente de teste número 594,Finance IT,2,2,67,false
INC000595,Incidente de teste número 595,Finance IT,2,2,40,false
INC000596,Incidente de teste número 596,NOC Brasil,3,1,63,true
INC000597,Incidente de teste número 597,Finance IT,3,3,91,true
INC000598,Incidente de teste número 598,NOC Brasil,3,2,79,true
INC000599,Incidente de teste número 599,Finance IT,2,3,72,true
INC000600,Incidente de teste número 600,Finance IT,2,2,64,true
INC000601,Incidente de teste número 601,App Support,3,2,36,true
INC000602,Incidente de teste número 602,Finance IT,1,1,51,true
INC000603,Incidente de teste número 603,Finance IT,1,1,82,true
INC000604,Incidente de teste número 604,Finance IT,3,1,41,false
INC000605,Incidente de teste número 605,Web Team,2,1,78,true
INC000606,Incidente de teste número 606,Web Team,1,2,71,true
INC000607,Incidente de teste número 607,Finance IT,3,2,47,true
INC000608,Incidente de teste número 608,NOC Brasil,3,3,64,true
INC000609,Incidente de teste número 609,NOC Brasil,3,1,43,true
INC000610,Incidente de teste número 610,NOC Brasil,2,2,39,true
INC000611,Incidente de teste número 611,Service Desk,3,3,47,true
INC000612,Incidente de teste número 612,App Support,3,1,84,true
INC000613,Incidente de teste número 613,Service Desk,2,1,88,false
INC000614,Incidente de teste número 614,NOC Brasil,3,1,50,false
INC000615,Incidente de teste número 615,Finance IT,3,1,46,true
INC000616,Incidente de teste número 616,App Support,2,3,75,false
INC000617,Incidente de teste número 617,NOC Brasil,1,2,76,true
INC000618,Incidente de teste número 618,App Support,2,3,52,false
INC000619,Incidente de teste número 619,Service Desk,2,2,77,false
INC000620,Incidente de teste número 620,Finance IT,3,3,81,false
INC000621,Incidente de teste número 621,NOC Brasil,2,3,91,true
INC000622,Incidente de teste número 622,App Support,2,1,64,false
INC000623,Incidente de teste número 623,App Support,1,1,71,true
INC000624,Incidente de teste número 624,Service Desk,3,2,61,false
INC000625,Incidente de teste número 625,App Support,2,2,93,false
INC000626,Incidente de teste número 626,Finance IT,1,2,91,false
INC000627,Incidente de teste número 627,Finance IT,3,3,72,false
INC000628,Incidente de teste número 628,NOC Brasil,2,1,88,false
INC000629,Incidente de teste número 629,NOC Brasil,1,3,33,true
INC000630,Incidente de teste número 630,Finance IT,1,1,45,false
INC000631,Incidente de teste número 631,Service Desk,1,1,65,true
INC000632,Incidente de teste número 632,App Support,2,1,41,false
INC000633,Incidente de teste número 633,Service Desk,2,2,82,true
INC000634,Incidente de teste número 634,Service Desk,2,1,57,false
INC000635,Incidente de teste número 635,NOC Brasil,3,3,77,false
INC000636,Incidente de teste número 636,Service Desk,1,2,59,true
INC000637,Incidente de teste número 637,App Support,3,2,67,false
INC000638,Incidente de teste número 638,NOC Brasil,3,1,46,false
INC000639,Incidente de teste número 639,NOC Brasil,1,3,39,false
INC000640,Incidente de teste número 640,Service Desk,2,2,84,false
INC000641,Incidente de teste número 641,Service Desk,3,3,63,true
INC000642,Incidente de teste número 642,Web Team,1,1,94,false
INC000643,Incidente de teste número 643,Finance IT,2,3,80,true
INC000644,Incidente de teste número 644,Service Desk,2,1,77,false
INC000645,Incidente de teste número 645,Finance IT,2,1,88,false
INC000646,Incidente de teste número 646,NOC Brasil,3,2,76,true
INC000647,Incidente de teste número 647,Service Desk,1,1,80,false
INC000648,Incidente de teste número 648,NOC Brasil,3,3,89,true
INC000649,Incidente de teste número 649,Service Desk,1,3,39,true
INC000650,Incidente de teste número 650,NOC Brasil,1,1,86,false
INC000651,Incidente de teste número 651,Service Desk,3,1,94,false
INC000652,Incidente de teste número 652,Finance IT,2,3,39,true
INC000653,Incidente de teste número 653,NOC Brasil,1,1,55,false
INC000654,Incidente de teste número 654,Service Desk,1,1,81,false
INC000655,Incidente de teste número 655,Finance IT,3,3,93,false
INC000656,Incidente de teste número 656,Finance IT,3,3,46,true
INC000657,Incidente de teste número 657,Finance IT,1,2,67,true
INC000658,Incidente de teste número 658,Web Team,2,3,56,false
INC000659,Incidente de teste número 659,Finance IT,1,3,47,true
INC000660,Incidente de teste número 660,App Support,1,2,35,false
INC000661,Incidente de teste número 661,Finance IT,2,2,59,true
INC000662,Incidente de teste número 662,Finance IT,2,3,77,false
INC000663,Incidente de teste número 663,Finance IT,2,1,53,true
INC000664,Incidente de teste número 664,Web Team,2,2,32,true
INC000665,Incidente de teste número 665,App Support,2,2,95,false
INC000666,Incidente de teste número 666,NOC Brasil,1,2,53,true
INC000667,Incidente de teste número 667,Web Team,2,1,73,false
INC000668,Incidente de teste número 668,Service Desk,3,2,47,false
INC000669,Incidente de teste número 669,Finance IT,1,3,53,false
INC000670,Incidente de teste número 670,App Support,3,2,78,true
INC000671,Incidente de teste número 671,Finance IT,1,2,90,true
INC000672,Incidente de teste número 672,NOC Brasil,3,2,44,false
INC000673,Incidente de teste número 673,Finance IT,3,3,79,false
INC000674,Incidente de teste número 674,NOC Brasil,3,1,65,true
INC000675,Incidente de teste número 675,Web Team,3,2,76,true
INC000676,Incidente de teste número 676,App Support,1,1,52,true
INC000677,Incidente de teste número 677,Web Team,3,2,44,false
INC000678,Incidente de teste número 678,App Support,3,1,32,false
INC000679,Incidente de teste número 679,Finance IT,1,3,30,true
INC000680,Incidente de teste número 680,Finance IT,2,2,51,false
INC000681,Incidente de teste número 681,App Support,1,3,44,false
INC000682,Incidente de teste número 682,NOC Brasil,1,1,53,false
INC000683,Incidente de teste número 683,Finance IT,1,3,71,false
INC000684,Incidente de teste número 684,Service Desk,1,2,33,true
INC000685,Incidente de teste número 685,Finance IT,3,3,68,false
INC000686,Incidente de teste número 686,Service Desk,2,2,32,true
INC000687,Incidente de teste número 687,Service Desk,2,2,44,true
INC000688,Incidente de teste número 688,Finance IT,2,2,87,true
INC000689,Incidente de teste número 689,Web Team,3,2,46,false
INC000690,Incidente de teste número 690,Service Desk,1,1,62,true
INC000691,Incidente de teste número 691,Finance IT,1,3,44,true
INC000692,Incidente de teste número 692,Service Desk,3,3,53,false
INC000693,Incidente de teste número 693,Service Desk,3,3,74,true
INC000694,Incidente de teste número 694,App Support,2,1,39,false
INC000695,Incidente de teste número 695,Web Team,3,1,68,true
INC000696,Incidente de teste número 696,Service Desk,3,2,85,true
INC000697,Incidente de teste número 697,Web Team,1,1,77,true
INC000698,Incidente de teste número 698,Web Team,1,3,79,false
INC000699,Incidente de teste número 699,App Support,2,2,64,false
INC000700,Incidente de teste número 700,App Support,1,1,76,false
INC000701,Incidente de teste número 701,NOC Brasil,2,1,95,true
INC000702,Incidente de teste número 702,Finance IT,2,2,86,false
INC000703,Incidente de teste número 703,Finance IT,2,2,78,false
INC000704,Incidente de teste número 704,Web Team,2,2,34,true
INC000705,Incidente de teste número 705,Finance IT,1,2,36,false
INC000706,Incidente de teste número 706,Service Desk,2,2,41,false
INC000707,Incidente de teste número 707,NOC Brasil,1,2,39,false
INC000708,Incidente de teste número 708,Finance IT,3,2,42,false
INC000709,Incidente de teste número 709,Service Desk,2,3,83,true
INC000710,Incidente de teste número 710,Web Team,2,1,62,false
INC000711,Incidente de teste número 711,Web Team,3,1,43,true
INC000712,Incidente de teste número 712,App Support,3,1,32,true
INC000713,Incidente de teste número 713,Finance IT,3,2,65,true
INC000714,Incidente de teste número 714,Web Team,1,3,41,false
INC000715,Incidente de teste número 715,Finance IT,1,3,81,true
INC000716,Incidente de teste número 716,Web Team,1,3,41,false
INC000717,Incidente de teste número 717,Web Team,2,1,66,true
INC000718,Incidente de teste número 718,Service Desk,1,1,38,true
INC000719,Incidente de teste número 719,App Support,1,3,36,true
INC000720,Incidente de teste número 720,Service Desk,3,2,55,false
INC000721,Incidente de teste número 721,Web Team,1,1,31,false
INC000722,Incidente de teste número 722,App Support,1,1,92,false
INC000723,Incidente de teste número 723,Finance IT,2,1,36,false
INC000724,Incidente de teste número 724,App Support,1,2,79,false
INC000725,Incidente de teste número 725,Web Team,3,3,34,false
INC000726,Incidente de teste número 726,Finance IT,1,3,68,false
INC000727,Incidente de teste número 727,Finance IT,2,3,76,false
INC000728,Incidente de teste número 728,NOC Brasil,2,3,69,false
INC000729,Incidente de teste número 729,NOC Brasil,2,1,78,true
INC000730,Incidente de teste número 730,Finance IT,3,3,87,false
INC000731,Incidente de teste número 731,Finance IT,2,3,37,true
INC000732,Incidente de teste número 732,NOC Brasil,3,3,57,true
INC000733,Incidente de teste número 733,Web Team,2,3,83,true
INC000734,Incidente de teste número 734,Web Team,1,2,84,false
INC000735,Incidente de teste número 735,NOC Brasil,1,1,92,true
INC000736,Incidente de teste número 736,Finance IT,3,3,57,true
INC000737,Incidente de teste número 737,NOC Brasil,3,3,55,true
INC000738,Incidente de teste número 738,Finance IT,1,2,57,false
INC000739,Incidente de teste número 739,Finance IT,3,1,57,true
INC000740,Incidente de teste número 740,Web Team,1,2,57,true
INC000741,Incidente de teste número 741,Web Team,2,1,71,false
INC000742,Incidente de teste número 742,NOC Brasil,3,1,67,false
INC000743,Incidente de teste número 743,App Support,2,2,57,true
INC000744,Incidente de teste número 744,Finance IT,3,2,43,true
INC000745,Incidente de teste número 745,Web Team,2,3,65,true
INC000746,Incidente de teste número 746,Finance IT,2,3,68,true
INC000747,Incidente de teste número 747,Finance IT,1,3,75,false
INC000748,Incidente de teste número 748,App Support,1,1,36,false
INC000749,Incidente de teste número 749,NOC Brasil,1,1,82,true
INC000750,Incidente de teste número 750,Web Team,1,2,41,true
INC000751,Incidente de teste número 751,Service Desk,1,3,33,true
INC000752,Incidente de teste número 752,Service Desk,2,3,75,true
INC000753,Incidente de teste número 753,App Support,3,3,33,true
INC000754,Incidente de teste número 754,App Support,3,1,35,true
INC000755,Incidente de teste número 755,Finance IT,3,3,70,true
INC000756,Incidente de teste número 756,App Support,3,3,90,true
INC000757,Incidente de teste número 757,Service Desk,1,1,60,true
INC000758,Incidente de teste número 758,NOC Brasil,2,2,83,false
INC000759,Incidente de teste número 759,App Support,2,1,56,true
INC000760,Incidente de teste número 760,Finance IT,3,3,36,false
INC000761,Incidente de teste número 761,Finance IT,3,1,57,true
INC000762,Incidente de teste número 762,Web Team,3,3,85,false
INC000763,Incidente de teste número 763,Service Desk,3,1,75,true
INC000764,Incidente de teste número 764,Web Team,1,2,72,false
INC000765,Incidente de teste número 765,Web Team,3,3,78,true
INC000766,Incidente de teste número 766,NOC Brasil,3,1,89,false
INC000767,Incidente de teste número 767,App Support,2,3,45,true
INC000768,Incidente de teste número 768,NOC Brasil,3,2,48,true
INC000769,Incidente de teste número 769,Service Desk,2,1,68,true
INC000770,Incidente de teste número 770,App Support,1,3,72,false
INC000771,Incidente de teste número 771,App Support,3,1,34,true
INC000772,Incidente de teste número 772,Service Desk,1,1,57,true
INC000773,Incidente de teste número 773,App Support,2,2,35,false
INC000774,Incidente de teste número 774,NOC Brasil,2,3,36,false
INC000775,Incidente de teste número 775,Web Team,3,3,31,false
INC000776,Incidente de teste número 776,Web Team,1,1,93,true
INC000777,Incidente de teste número 777,Finance IT,1,2,43,false
INC000778,Incidente de teste número 778,Web Team,1,1,74,false
INC000779,Incidente de teste número 779,Finance IT,1,1,84,false
INC000780,Incidente de teste número 780,App Support,3,2,72,true
INC000781,Incidente de teste número 781,Finance IT,2,3,35,false
INC000782,Incidente de teste número 782,Finance IT,3,3,79,true
INC000783,Incidente de teste número 783,Finance IT,3,2,73,true
INC000784,Incidente de teste número 784,NOC Brasil,1,2,74,true
INC000785,Incidente de teste número 785,App Support,1,3,36,false
INC000786,Incidente de teste número 786,Service Desk,3,1,87,false
INC000787,Incidente de teste número 787,Service Desk,1,1,66,true
INC000788,Incidente de teste número 788,App Support,3,3,44,true
INC000789,Incidente de teste número 789,App Support,2,2,79,false
INC000790,Incidente de teste número 790,Finance IT,3,2,89,true
INC000791,Incidente de teste número 791,Finance IT,2,2,76,false
INC000792,Incidente de teste número 792,Web Team,3,2,89,true
INC000793,Incidente de teste número 793,App Support,2,2,43,true
INC000794,Incidente de teste número 794,Web Team,2,1,58,false
INC000795,Incidente de teste número 795,App Support,1,2,69,false
INC000796,Incidente de teste número 796,Finance IT,1,3,92,true
INC000797,Incidente de teste número 797,Finance IT,3,3,82,false
INC000798,Incidente de teste número 798,Service Desk,1,3,41,true
INC000799,Incidente de teste número 799,NOC Brasil,2,2,66,false
INC000800,Incidente de teste número 800,Finance IT,3,2,65,false
INC000801,Incidente de teste número 801,App Support,2,3,44,false
INC000802,Incidente de teste número 802,Service Desk,2,2,38,false
INC000803,Incidente de teste número 803,Service Desk,1,1,63,false
INC000804,Incidente de teste número 804,App Support,2,2,69,true
INC000805,Incidente de teste número 805,Service Desk,3,2,85,false
INC000806,Incidente de teste número 806,NOC Brasil,1,2,54,true
INC000807,Incidente de teste número 807,NOC Brasil,3,3,45,true
INC000808,Incidente de teste número 808,App Support,2,3,75,false
INC000809,Incidente de teste número 809,Finance IT,3,2,51,false
INC000810,Incidente de teste número 810,App Support,2,3,30,false
INC000811,Incidente de teste número 811,NOC Brasil,1,1,83,true
INC000812,Incidente de teste número 812,App Support,3,1,73,false
INC000813,Incidente de teste número 813,Finance IT,1,2,66,true
INC000814,Incidente de teste número 814,Service Desk,1,3,58,true
INC000815,Incidente de teste número 815,Web Team,1,2,52,false
INC000816,Incidente de teste número 816,Finance IT,3,3,62,false
INC000817,Incidente de teste número 817,App Support,2,3,72,false
INC000818,Incidente de teste número 818,Web Team,3,3,77,false
INC000819,Incidente de teste número 819,App Support,2,2,49,false
INC000820,Incidente de teste número 820,App Support,2,3,58,true
INC000821,Incidente de teste número 821,NOC Brasil,1,3,58,true
INC000822,Incidente de teste número 822,Service Desk,3,3,93,true
INC000823,Incidente de teste número 823,Web Team,3,1,56,false
INC000824,Incidente de teste número 824,Web Team,3,1,78,true
INC000825,Incidente de teste número 825,Service Desk,3,1,75,false
INC000826,Incidente de teste número 826,App Support,2,2,74,true
INC000827,Incidente de teste número 827,NOC Brasil,3,1,58,false
INC000828,Incidente de teste número 828,App Support,1,1,75,true
INC000829,Incidente de teste número 829,Web Team,2,1,60,false
INC000830,Incidente de teste número 830,Service Desk,3,2,59,true
INC000831,Incidente de teste número 831,Service Desk,2,3,36,false
INC000832,Incidente de teste número 832,NOC Brasil,1,1,77,false
INC000833,Incidente de teste número 833,NOC Brasil,3,1,54,false
INC000834,Incidente de teste número 834,App Support,3,3,30,false
INC000835,Incidente de teste número 835,App Support,3,3,83,true
INC000836,Incidente de teste número 836,Service Desk,2,1,46,true
INC000837,Incidente de teste número 837,Web Team,1,1,30,true
INC000838,Incidente de teste número 838,NOC Brasil,3,3,84,false
INC000839,Incidente de teste número 839,App Support,3,1,91,true
INC000840,Incidente de teste número 840,Service Desk,1,1,52,false
INC000841,Incidente de teste número 841,Web Team,1,1,62,false
INC000842,Incidente de teste número 842,Service Desk,1,2,47,true
INC000843,Incidente de teste número 843,Finance IT,2,2,90,true
INC000844,Incidente de teste número 844,NOC Brasil,3,2,77,true
INC000845,Incidente de teste número 845,NOC Brasil,1,2,41,false
INC000846,Incidente de teste número 846,Web Team,2,1,72,false
INC000847,Incidente de teste número 847,Web Team,1,3,70,false
INC000848,Incidente de teste número 848,App Support,2,1,74,false
INC000849,Incidente de teste número 849,Service Desk,2,1,79,false
INC000850,Incidente de teste número 850,NOC Brasil,3,3,84,true
INC000851,Incidente de teste número 851,App Support,2,1,38,true
INC000852,Incidente de teste número 852,NOC Brasil,2,1,79,true
INC000853,Incidente de teste número 853,Service Desk,2,3,74,false
INC000854,Incidente de teste número 854,Service Desk,3,2,94,false
INC000855,Incidente de teste número 855,Finance IT,2,1,81,false
INC000856,Incidente de teste número 856,App Support,1,2,53,true
INC000857,Incidente de teste número 857,NOC Brasil,1,3,90,false
INC000858,Incidente de teste número 858,Finance IT,3,2,60,true
INC000859,Incidente de teste número 859,App Support,1,1,70,false
INC000860,Incidente de teste número 860,App Support,2,1,60,false
INC000861,Incidente de teste número 861,Service Desk,1,2,46,false
INC000862,Incidente de teste número 862,Service Desk,2,3,82,false
INC000863,Incidente de teste número 863,Web Team,3,3,53,true
INC000864,Incidente de teste número 864,Web Team,1,3,74,true
INC000865,Incidente de teste número 865,App Support,1,2,78,true
INC000866,Incidente de teste número 866,NOC Brasil,3,1,94,true
INC000867,Incidente de teste número 867,NOC Brasil,2,3,38,true
INC000868,Incidente de teste número 868,NOC Brasil,1,2,34,true
INC000869,Incidente de teste número 869,Finance IT,2,3,66,false
INC000870,Incidente de teste número 870,App Support,1,3,81,false
INC000871,Incidente de teste número 871,Finance IT,3,2,51,true
INC000872,Incidente de teste número 872,App Support,3,2,75,false
INC000873,Incidente de teste número 873,NOC Brasil,2,3,74,false
INC000874,Incidente de teste número 874,Web Team,1,2,46,false
INC000875,Incidente de teste número 875,NOC Brasil,1,2,59,false
INC000876,Incidente de teste número 876,Web Team,3,1,73,true
INC000877,Incidente de teste número 877,Finance IT,3,2,46,true
INC000878,Incidente de teste número 878,Finance IT,3,1,53,true
INC000879,Incidente de teste número 879,Finance IT,3,3,86,false
INC000880,Incidente de teste número 880,App Support,1,2,44,true
INC000881,Incidente de teste número 881,Service Desk,3,3,32,true
INC000882,Incidente de teste número 882,App Support,1,3,41,false
INC000883,Incidente de teste número 883,Web Team,3,3,82,true
INC000884,Incidente de teste número 884,Web Team,3,1,59,false
INC000885,Incidente de teste número 885,NOC Brasil,2,1,51,false
INC000886,Incidente de teste número 886,NOC Brasil,1,1,33,true
INC000887,Incidente de teste número 887,NOC Brasil,3,3,80,true
INC000888,Incidente de teste número 888,Finance IT,3,1,59,false
INC000889,Incidente de teste número 889,Web Team,1,1,30,false
INC000890,Incidente de teste número 890,Finance IT,1,2,54,true
INC000891,Incidente de teste número 891,App Support,1,2,62,false
INC000892,Incidente de teste número 892,NOC Brasil,2,1,80,true
INC000893,Incidente de teste número 893,Finance IT,1,1,36,false
INC000894,Incidente de teste número 894,NOC Brasil,3,3,73,false
INC000895,Incidente de teste número 895,Finance IT,3,1,68,false
INC000896,Incidente de teste número 896,App Support,3,1,76,true
INC000897,Incidente de teste número 897,Service Desk,2,1,95,true
INC000898,Incidente de teste número 898,NOC Brasil,3,3,42,true
INC000899,Incidente de teste número 899,Service Desk,3,2,95,false
INC000900,Incidente de teste número 900,Service Desk,1,1,38,true
INC000901,Incidente de teste número 901,Service Desk,2,1,40,true
INC000902,Incidente de teste número 902,NOC Brasil,3,2,63,true
INC000903,Incidente de teste número 903,Service Desk,2,1,61,false
INC000904,Incidente de teste número 904,Finance IT,3,1,93,true
INC000905,Incidente de teste número 905,Web Team,2,1,83,true
INC000906,Incidente de teste número 906,NOC Brasil,1,3,64,true
INC000907,Incidente de teste número 907,Finance IT,2,3,82,true
INC000908,Incidente de teste número 908,App Support,3,1,39,true
INC000909,Incidente de teste número 909,Web Team,2,2,43,true
INC000910,Incidente de teste número 910,App Support,3,1,73,true
INC000911,Incidente de teste número 911,Service Desk,1,2,77,false
INC000912,Incidente de teste número 912,Web Team,1,1,34,true
INC000913,Incidente de teste número 913,Finance IT,2,1,53,true
INC000914,Incidente de teste número 914,NOC Brasil,1,3,45,true
INC000915,Incidente de teste número 915,Web Team,3,2,30,true
INC000916,Incidente de teste número 916,NOC Brasil,2,2,31,false
INC000917,Incidente de teste número 917,Web Team,1,2,74,true
INC000918,Incidente de teste número 918,App Support,1,3,61,true
INC000919,Incidente de teste número 919,Web Team,3,2,47,false
INC000920,Incidente de teste número 920,Finance IT,3,2,74,false
INC000921,Incidente de teste número 921,Finance IT,3,1,49,false
INC000922,Incidente de teste número 922,NOC Brasil,3,1,40,false
INC000923,Incidente de teste número 923,Service Desk,3,1,93,false
INC000924,Incidente de teste número 924,NOC Brasil,3,1,57,true
INC000925,Incidente de teste número 925,Service Desk,2,2,61,true
INC000926,Incidente de teste número 926,Web Team,1,1,59,false
INC000927,Incidente de teste número 927,App Support,2,1,51,true
INC000928,Incidente de teste número 928,App Support,3,3,84,true
INC000929,Incidente de teste número 929,Finance IT,2,1,72,true
INC000930,Incidente de teste número 930,Finance IT,3,1,95,false
INC000931,Incidente de teste número 931,Finance IT,3,1,65,true
INC000932,Incidente de teste número 932,Service Desk,2,3,37,false
INC000933,Incidente de teste número 933,Finance IT,2,2,41,false
INC000934,Incidente de teste número 934,Finance IT,2,3,59,false
INC000935,Incidente de teste número 935,App Support,2,3,67,true
INC000936,Incidente de teste número 936,NOC Brasil,2,3,74,false
INC000937,Incidente de teste número 937,Service Desk,3,2,82,true
INC000938,Incidente de teste número 938,App Support,2,3,59,true
INC000939,Incidente de teste número 939,Service Desk,1,1,60,false
INC000940,Incidente de teste número 940,Finance IT,2,3,62,true
INC000941,Incidente de teste número 941,App Support,1,2,81,true
INC000942,Incidente de teste número 942,Web Team,3,1,79,false
INC000943,Incidente de teste número 943,Web Team,2,1,45,true
INC000944,Incidente de teste número 944,NOC Brasil,2,3,45,false
INC000945,Incidente de teste número 945,Finance IT,2,1,47,true
INC000946,Incidente de teste número 946,Service Desk,2,1,56,false
INC000947,Incidente de teste número 947,Finance IT,3,1,60,true
INC000948,Incidente de teste número 948,Finance IT,1,2,73,false
INC000949,Incidente de teste número 949,NOC Brasil,1,2,82,true
INC000950,Incidente de teste número 950,Service Desk,1,3,89,false
INC000951,Incidente de teste número 951,App Support,3,2,44,false
INC000952,Incidente de teste número 952,Web Team,1,2,33,true
INC000953,Incidente de teste número 953,Finance IT,2,3,38,true
INC000954,Incidente de teste número 954,Web Team,3,3,58,true
INC000955,Incidente de teste número 955,App Support,2,3,81,true
INC000956,Incidente de teste número 956,App Support,3,2,84,false
INC000957,Incidente de teste número 957,Finance IT,3,2,35,false
INC000958,Incidente de teste número 958,Service Desk,1,2,91,false
INC000959,Incidente de teste número 959,Service Desk,2,2,62,false
INC000960,Incidente de teste número 960,Web Team,1,1,41,false
INC000961,Incidente de teste número 961,Finance IT,1,1,64,true
INC000962,Incidente de teste número 962,Finance IT,1,3,76,true
INC000963,Incidente de teste número 963,NOC Brasil,2,2,59,false
INC000964,Incidente de teste número 964,Service Desk,3,2,79,true
INC000965,Incidente de teste número 965,App Support,3,1,83,true
INC000966,Incidente de teste número 966,Service Desk,1,3,49,false
INC000967,Incidente de teste número 967,NOC Brasil,2,3,50,false
INC000968,Incidente de teste número 968,Service Desk,2,3,49,true
INC000969,Incidente de teste número 969,Web Team,1,1,76,false
INC000970,Incidente de teste número 970,App Support,3,3,92,false
INC000971,Incidente de teste número 971,Web Team,3,3,68,true
INC000972,Incidente de teste número 972,Web Team,2,2,74,true
INC000973,Incidente de teste número 973,Service Desk,3,1,69,false
INC000974,Incidente de teste número 974,Finance IT,2,2,79,false
INC000975,Incidente de teste número 975,Service Desk,2,3,68,true
INC000976,Incidente de teste número 976,NOC Brasil,2,3,62,true
INC000977,Incidente de teste número 977,NOC Brasil,1,1,93,false
INC000978,Incidente de teste número 978,Finance IT,1,1,84,false
INC000979,Incidente de teste número 979,NOC Brasil,1,3,35,true
INC000980,Incidente de teste número 980,App Support,3,2,74,true
INC000981,Incidente de teste número 981,Finance IT,3,2,61,true
INC000982,Incidente de teste número 982,Finance IT,3,2,70,true
INC000983,Incidente de teste número 983,NOC Brasil,3,3,89,false
INC000984,Incidente de teste número 984,Finance IT,2,3,69,true
INC000985,Incidente de teste número 985,Web Team,1,3,41,true
INC000986,Incidente de teste número 986,App Support,1,3,94,true
INC000987,Incidente de teste número 987,Web Team,3,2,92,true
INC000988,Incidente de teste número 988,Web Team,2,2,93,true
INC000989,Incidente de teste número 989,App Support,1,2,43,false
INC000990,Incidente de teste número 990,Service Desk,3,2,42,false
INC000991,Incidente de teste número 991,Service Desk,2,2,45,false
INC000992,Incidente de teste número 992,Finance IT,1,1,86,false
INC000993,Incidente de teste número 993,Web Team,2,1,39,false
INC000994,Incidente de teste número 994,App Support,2,3,68,false
INC000995,Incidente de teste número 995,App Support,3,2,54,true
INC000996,Incidente de teste número 996,Web Team,1,1,61,false
INC000997,Incidente de teste número 997,Service Desk,3,1,58,false
INC000998,Incidente de teste número 998,Finance IT,1,3,60,false
INC000999,Incidente de teste número 999,Finance IT,1,2,55,false
INC001000,Incidente de teste número 1000,NOC Brasil,1,3,84,false
